iter	RMSE
0	68.95642809
1	60.95880836
